RegionID,RegionName,SizeRank,2014-01,2014-02,2014-03,2014-04,2014-05,2014-06,2014-07,2014-08,2014-09,2014-10,2014-11,2014-12,2015-01,2015-02,2015-03,2015-04,2015-05,2015-06,2015-07,2015-08,2015-09,2015-10,2015-11,2015-12,2016-01,2016-02,2016-03,2016-04,2016-05,2016-06,2016-07,2016-08,2016-09,2016-10,2016-11,2016-12,2017-01,2017-02,2017-03,2017-04,2017-05,2017-06,2017-07,2017-08,2017-09,2017-10,2017-11,2017-12,2018-01,2018-02,2018-03,2018-04,2018-05,2018-06,2018-07,2018-08,2018-09,2018-10,2018-11,2018-12,2019-01,2019-02,2019-03,2019-04,2019-05,2019-06,2019-07,2019-08,2019-09,2019-10,2019-11,2019-12,2020-01,2020-02,2020-03,2020-04,2020-05,2020-06,2020-07,2020-08,2020-09,2020-10,2020-11,2020-12,2021-01,2021-02,2021-03,2021-04,2021-05,2021-06,2021-07,2021-08,2021-09
102001,United States,0,1329,1335,1340,1346,1351,1357,1362,1368,1373,1379,1384,1390,1395,1400,1406,1411,1416,1422,1427,1432,1437,1443,1448,1453,1458,1462,1466,1471,1475,1479,1483,1487,1491,1495,1499,1503,1507,1511,1515,1519,1523,1527,1531,1536,1540,1544,1548,1553,1557,1561,1566,1570,1575,1580,1585,1590,1595,1599,1604,1609,1614,1619,1624,1629,1633,1638,1643,1647,1651,1655,1657,1659,1661,1662,1663,1663,1664,1665,1666,1669,1671,1674,1685,1696,1707,1721,1735,1749,1763,1778,1793,1809,1824
394913,"New York, NY",1,2294,2304,2315,2325,2335,2345,2355,2365,2376,2386,2396,2405,2415,2424,2434,2443,2451,2460,2469,2476,2483,2491,2496,2502,2507,2512,2516,2521,2524,2528,2532,2535,2539,2542,2546,2550,2553,2557,2561,2565,2568,2571,2574,2577,2579,2582,2584,2587,2589,2593,2596,2599,2603,2607,2611,2616,2621,2626,2632,2638,2643,2649,2654,2659,2664,2669,2674,2677,2681,2684,2682,2679,2676,2663,2649,2636,2618,2599,2580,2563,2545,2528,2529,2530,2530,2540,2550,2559,2571,2583,2594,2609,2623
753899,"Los Angeles-Long Beach-Anaheim, CA",2,1702,1712,1723,1733,1743,1753,1764,1774,1784,1794,1805,1815,1825,1835,1845,1855,1865,1875,1885,1896,1906,1917,1927,1938,1948,1958,1968,1978,1987,1996,2005,2014,2023,2032,2041,2050,2059,2068,2076,2085,2093,2102,2110,2118,2125,2133,2140,2148,2155,2162,2170,2177,2185,2193,2200,2208,2216,2223,2231,2238,2245,2252,2259,2266,2272,2278,2285,2290,2295,2300,2301,2303,2305,2303,2302,2301,2299,2297,2295,2296,2296,2296,2307,2318,2328,2343,2358,2373,2389,2405,2421,2438,2455
394463,"Chicago, IL",3,1418,1422,1426,1430,1433,1437,1441,1444,1448,1451,1455,1458,1462,1465,1469,1473,1476,1480,1484,1489,1493,1498,1503,1508,1512,1516,1520,1524,1526,1529,1532,1535,1538,1540,1543,1546,1548,1551,1553,1556,1558,1561,1564,1566,1569,1572,1574,1577,1579,1582,1584,1587,1589,1592,1595,1598,1601,1604,1607,1611,1614,1618,1621,1625,1629,1633,1636,1639,1643,1646,1647,1648,1649,1647,1645,1643,1640,1637,1633,1631,1628,1626,1629,1633,1637,1643,1650,1656,1663,1670,1677,1685,1693
394514,"Dallas-Fort Worth, TX",4,1185,1189,1193,1196,1200,1204,1208,1212,1216,1220,1224,1228,1232,1237,1242,1247,1252,1256,1261,1266,1271,1276,1281,1286,1291,1297,1302,1308,1313,1319,1324,1329,1335,1340,1344,1349,1354,1358,1363,1368,1372,1376,1381,1385,1389,1394,1397,1401,1405,1409,1412,1416,1420,1424,1428,1432,1437,1441,1446,1450,1455,1459,1464,1468,1472,1476,1481,1484,1487,1491,1493,1495,1497,1498,1500,1501,1503,1506,1508,1513,1518,1523,1536,1549,1562,1579,1595,1612,1629,1646,1663,1681,1699
394974,"Philadelphia, PA",5,1301,1304,1307,1309,1312,1315,1317,1320,1323,1325,1328,1331,1335,1337,1340,1343,1346,1349,1353,1356,1360,1364,1367,1370,1374,1377,1380,1383,1386,1389,1392,1395,1398,1400,1403,1405,1408,1410,1413,1415,1418,1421,1424,1427,1430,1432,1436,1439,1442,1446,1449,1453,1457,1461,1465,1469,1473,1477,1481,1485,1489,1493,1497,1501,1505,1509,1513,1516,1520,1523,1526,1528,1530,1532,1534,1536,1538,1540,1542,1545,1548,1551,1558,1565,1572,1580,1589,1598,1606,1615,1624,1634,1643
394692,"Houston, TX",6,1174,1180,1187,1194,1200,1207,1213,1220,1226,1233,1238,1243,1249,1252,1256,1259,1262,1265,1268,1271,1273,1276,1277,1278,1280,1280,1280,1280,1280,1279,1279,1278,1278,1277,1277,1277,1276,1278,1279,1280,1283,1286,1289,1293,1297,1301,1305,1309,1313,1317,1320,1324,1326,1328,1331,1332,1334,1336,1338,1340,1341,1343,1345,1347,1349,1351,1353,1355,1356,1358,1358,1359,1359,1358,1358,1358,1358,1358,1358,1359,1360,1362,1369,1377,1385,1395,1405,1415,1426,1436,1447,1458,1470
395209,"Washington, DC",7,1803,1806,1809,1812,1815,1818,1821,1824,1826,1829,1831,1834,1836,1838,1840,1842,1844,1847,1849,1853,1856,1859,1862,1865,1868,1870,1873,1875,1877,1880,1882,1884,1887,1889,1892,1895,1898,1901,1904,1907,1910,1912,1914,1917,1919,1921,1923,1926,1928,1932,1935,1938,1943,1947,1951,1956,1961,1966,1971,1976,1981,1986,1991,1996,2000,2005,2009,2012,2016,2019,2019,2020,2020,2017,2014,2011,2005,2000,1994,1990,1985,1980,1985,1989,1993,2002,2010,2019,2028,2038,2047,2058,2069
394856,"Miami-Fort Lauderdale, FL",8,1586,1594,1602,1610,1618,1626,1634,1641,1649,1657,1665,1673,1681,1689,1697,1705,1713,1721,1730,1737,1745,1753,1760,1766,1773,1778,1782,1787,1791,1794,1797,1800,1803,1806,1809,1811,1814,1818,1821,1824,1828,1832,1836,1840,1844,1848,1852,1856,1860,1865,1869,1873,1878,1882,1887,1892,1896,1901,1905,1909,1913,1917,1921,1925,1929,1934,1938,1943,1947,1952,1955,1958,1961,1964,1966,1969,1973,1977,1981,1989,1998,2007,2031,2054,2078,2107,2136,2166,2197,2227,2258,2291,2323
394347,"Atlanta, GA",9,1095,1099,1103,1106,1110,1115,1119,1123,1127,1131,1136,1140,1145,1150,1155,1160,1165,1170,1175,1180,1186,1191,1197,1202,1208,1214,1220,1226,1232,1239,1245,1251,1256,1262,1268,1273,1279,1285,1291,1297,1302,1308,1314,1320,1327,1333,1339,1345,1351,1357,1364,1370,1377,1384,1391,1398,1405,1413,1420,1427,1434,1440,1447,1453,1459,1465,1470,1475,1480,1485,1489,1492,1496,1500,1505,1509,1515,1522,1528,1539,1549,1560,1579,1599,1619,1642,1665,1689,1713,1737,1761,1786,1811
394404,"Boston, MA",10,2065,2071,2076,2082,2087,2093,2098,2104,2109,2115,2121,2127,2134,2140,2146,2151,2158,2165,2171,2179,2187,2195,2202,2210,2218,2225,2232,2240,2247,2254,2261,2267,2274,2281,2287,2293,2299,2305,2311,2317,2322,2328,2334,2339,2344,2350,2355,2360,2365,2371,2377,2382,2388,2394,2401,2407,2413,2420,2426,2433,2439,2446,2453,2459,2466,2472,2479,2484,2489,2494,2495,2495,2495,2488,2481,2474,2464,2453,2442,2433,2424,2416,2420,2424,2428,2438,2448,2458,2469,2481,2492,2506,2519
395057,"San Francisco, CA",11,2123,2156,2189,2222,2254,2286,2319,2351,2383,2415,2446,2476,2507,2532,2558,2584,2606,2628,2650,2669,2688,2707,2722,2737,2751,2761,2771,2780,2786,2791,2796,2800,2804,2808,2812,2817,2822,2828,2834,2841,2849,2856,2864,2872,2880,2888,2895,2902,2910,2917,2925,2933,2941,2950,2958,2967,2976,2985,2993,3002,3010,3017,3025,3032,3039,3045,3052,3057,3062,3068,3066,3064,3062,3048,3035,3022,3001,2980,2959,2939,2919,2899,2897,2895,2894,2900,2906,2913,2921,2930,2938,2949,2960
394532,"Detroit, MI",12,968,970,973,975,978,980,983,986,988,991,993,996,998,1001,1003,1006,1008,1011,1013,1016,1018,1021,1024,1027,1030,1033,1036,1039,1041,1044,1047,1050,1053,1055,1058,1062,1065,1068,1071,1075,1078,1082,1085,1089,1093,1096,1100,1103,1106,1110,1113,1116,1120,1123,1126,1130,1133,1136,1139,1143,1146,1149,1152,1156,1158,1161,1164,1167,1169,1172,1174,1176,1179,1182,1185,1189,1194,1199,1204,1212,1219,1227,1237,1247,1257,1267,1278,1289,1300,1311,1322,1333,1344
395025,"Riverside, CA",13,1410,1415,1420,1425,1430,1435,1440,1445,1450,1455,1461,1467,1473,1479,1485,1491,1497,1503,1509,1515,1521,1527,1533,1539,1545,1552,1558,1564,1571,1577,1583,1590,1597,1604,1612,1620,1627,1636,1644,1652,1660,1668,1676,1684,1692,1700,1707,1715,1723,1731,1739,1748,1756,1764,1773,1781,1789,1797,1804,1811,1818,1825,1832,1839,1846,1852,1859,1866,1872,1879,1885,1891,1897,1906,1915,1924,1939,1953,1967,1987,2007,2027,2056,2084,2113,2145,2176,2208,2240,2271,2303,2336,2368
394976,"Phoenix, AZ",14,973,976,980,984,988,992,996,1000,1004,1008,1013,1018,1023,1028,1033,1038,1043,1049,1054,1059,1064,1069,1074,1079,1084,1089,1094,1099,1104,1108,1113,1118,1122,1127,1132,1137,1142,1147,1152,1157,1162,1168,1173,1179,1184,1190,1196,1202,1208,1215,1222,1229,1237,1244,1252,1260,1268,1276,1285,1293,1301,1310,1318,1326,1335,1344,1352,1360,1369,1377,1384,1391,1397,1404,1412,1419,1428,1437,1446,1460,1473,1486,1510,1534,1558,1586,1614,1642,1670,1699,1728,1758,1787
395078,"Seattle, WA",15,1377,1387,1397,1407,1417,1427,1437,1447,1457,1467,1477,1487,1496,1505,1514,1523,1532,1541,1550,1560,1569,1578,1588,1598,1608,1619,1629,1639,1649,1658,1668,1678,1688,1698,1708,1718,1728,1737,1746,1755,1763,1770,1778,1784,1790,1796,1801,1806,1810,1815,1819,1824,1829,1835,1840,1846,1852,1858,1864,1871,1877,1884,1891,1898,1905,1913,1920,1928,1936,1943,1947,1951,1955,1954,1953,1951,1946,1941,1936,1931,1926,1921,1928,1936,1943,1956,1969,1982,1997,2011,2026,2042,2058
394865,"Minneapolis-St Paul, MN",16,1263,1267,1270,1273,1276,1280,1283,1286,1290,1293,1297,1300,1304,1308,1311,1315,1319,1323,1327,1332,1337,1342,1346,1351,1355,1360,1365,1369,1374,1379,1384,1389,1394,1399,1404,1410,1415,1420,1425,1430,1435,1440,1445,1450,1455,1460,1465,1470,1475,1480,1485,1490,1495,1500,1505,1510,1515,1521,1526,1531,1537,1542,1547,1552,1557,1562,1567,1572,1576,1581,1584,1587,1590,1592,1595,1597,1598,1600,1602,1603,1605,1606,1610,1615,1619,1625,1631,1637,1643,1649,1655,1661,1668
395056,"San Diego, CA",17,1645,1654,1662,1671,1680,1689,1698,1707,1716,1726,1735,1745,1754,1763,1772,1781,1790,1798,1807,1815,1824,1832,1841,1850,1859,1867,1876,1885,1893,1902,1910,1918,1926,1935,1943,1951,1959,1968,1976,1984,1992,2000,2008,2016,2024,2033,2040,2048,2056,2064,2073,2081,2089,2097,2105,2112,2119,2126,2133,2139,2145,2152,2158,2164,2170,2176,2182,2188,2193,2199,2202,2205,2209,2212,2215,2218,2223,2228,2233,2242,2251,2260,2279,2298,2317,2341,2364,2387,2411,2435,2459,2484,2509
395121,"St. Louis, MO",18,920,923,926,929,932,934,937,940,943,945,948,950,953,955,957,959,961,963,965,967,969,971,973,975,977,979,981,983,985,986,988,990,991,993,995,996,998,1000,1001,1003,1005,1007,1009,1010,1012,1014,1016,1018,1020,1022,1024,1025,1028,1030,1032,1034,1037,1040,1043,1046,1048,1052,1055,1058,1060,1063,1066,1069,1072,1075,1077,1080,1082,1085,1088,1090,1094,1097,1101,1105,1109,1113,1120,1126,1133,1140,1148,1155,1163,1171,1178,1186,1194
395148,"Tampa, FL",19,1137,1141,1145,1149,1153,1157,1161,1165,1169,1173,1178,1182,1187,1192,1197,1202,1207,1212,1218,1223,1229,1234,1240,1246,1251,1256,1262,1267,1272,1277,1282,1286,1291,1296,1301,1306,1311,1316,1321,1326,1331,1336,1341,1346,1352,1358,1363,1369,1375,1381,1387,1393,1399,1405,1411,1416,1422,1427,1433,1438,1443,1448,1454,1459,1464,1470,1475,1481,1486,1491,1496,1500,1505,1510,1515,1520,1528,1535,1542,1553,1565,1576,1599,1622,1645,1674,1702,1730,1759,1788,1817,1848,1878
394358,"Baltimore, MD",20,1424,1428,1432,1436,1440,1444,1448,1451,1455,1459,1461,1464,1466,1468,1470,1471,1473,1475,1477,1479,1481,1483,1485,1486,1488,1489,1490,1490,1490,1490,1490,1490,1490,1490,1491,1491,1492,1493,1494,1495,1496,1498,1499,1500,1501,1503,1504,1505,1506,1507,1509,1510,1512,1514,1516,1519,1522,1525,1528,1531,1534,1537,1540,1543,1546,1548,1551,1553,1554,1556,1556,1556,1556,1556,1557,1557,1559,1561,1562,1567,1572,1577,1588,1600,1611,1625,1638,1652,1666,1680,1694,1709,1723
394530,"Denver, CO",21,1191,1205,1220,1235,1250,1265,1279,1294,1308,1323,1337,1350,1364,1374,1385,1395,1404,1413,1422,1430,1437,1445,1452,1458,1465,1470,1475,1481,1485,1488,1492,1496,1499,1503,1507,1511,1515,1520,1524,1528,1533,1538,1543,1547,1552,1557,1561,1566,1570,1575,1580,1585,1590,1595,1601,1606,1612,1617,1623,1628,1633,1638,1643,1648,1652,1656,1661,1664,1667,1671,1671,1672,1673,1672,1671,1671,1671,1670,1670,1673,1675,1678,1689,1701,1712,1728,1743,1758,1774,1790,1806,1823,1840
394982,"Pittsburgh, PA",22,989,994,999,1004,1009,1013,1018,1022,1026,1031,1033,1035,1038,1039,1040,1041,1042,1043,1044,1046,1048,1050,1051,1053,1055,1055,1056,1057,1058,1058,1059,1060,1060,1061,1062,1063,1064,1066,1068,1069,1071,1073,1075,1077,1079,1081,1084,1086,1089,1092,1095,1098,1101,1104,1107,1110,1113,1116,1119,1122,1125,1128,1131,1134,1138,1142,1145,1149,1152,1156,1158,1161,1163,1165,1167,1169,1170,1172,1173,1175,1178,1180,1185,1189,1194,1200,1206,1212,1219,1225,1231,1237,1244
394998,"Portland, OR",23,1092,1101,1110,1119,1128,1137,1146,1155,1164,1173,1183,1192,1202,1212,1222,1233,1243,1253,1263,1273,1283,1293,1302,1311,1320,1327,1334,1341,1347,1352,1358,1363,1368,1374,1378,1382,1387,1391,1395,1399,1402,1405,1409,1411,1414,1417,1420,1423,1426,1429,1433,1436,1440,1445,1449,1453,1458,1462,1466,1470,1475,1479,1483,1488,1492,1497,1501,1505,1509,1513,1515,1517,1519,1520,1522,1523,1524,1525,1526,1529,1533,1536,1546,1555,1565,1577,1590,1602,1614,1627,1640,1653,1667
394458,"Charlotte, NC",24,1088,1092,1096,1100,1104,1108,1112,1116,1120,1124,1129,1133,1138,1142,1147,1152,1157,1163,1168,1173,1179,1184,1189,1194,1200,1205,1209,1214,1219,1224,1229,1234,1239,1244,1249,1253,1258,1263,1268,1273,1278,1282,1287,1291,1296,1300,1304,1309,1313,1318,1322,1327,1332,1337,1343,1349,1355,1361,1366,1372,1378,1384,1390,1396,1401,1407,1412,1416,1421,1425,1428,1430,1433,1435,1437,1439,1443,1446,1450,1456,1463,1469,1484,1498,1513,1530,1548,1565,1583,1601,1619,1638,1657
395045,"Sacramento, CA",25,1244,1249,1254,1259,1264,1270,1275,1280,1286,1291,1298,1304,1310,1318,1325,1333,1341,1349,1357,1365,1374,1382,1392,1401,1410,1420,1429,1438,1448,1457,1467,1477,1487,1497,1507,1518,1528,1538,1549,1559,1569,1579,1589,1598,1606,1615,1624,1632,1640,1648,1656,1663,1671,1678,1686,1694,1702,1709,1717,1724,1732,1739,1746,1753,1760,1766,1773,1778,1784,1790,1795,1800,1805,1812,1819,1825,1835,1845,1855,1868,1880,1893,1912,1931,1949,1970,1991,2012,2033,2054,2075,2096,2118
395055,"San Antonio, TX",26,959,962,965,967,970,973,976,978,981,984,987,991,994,997,1001,1004,1008,1012,1015,1019,1023,1026,1029,1032,1035,1038,1041,1044,1047,1049,1052,1055,1058,1061,1064,1067,1070,1073,1075,1078,1080,1082,1085,1087,1089,1091,1093,1095,1098,1100,1103,1106,1109,1112,1116,1119,1122,1125,1129,1132,1136,1139,1143,1146,1150,1153,1156,1159,1162,1165,1167,1169,1170,1172,1173,1174,1176,1178,1180,1184,1188,1192,1201,1210,1219,1230,1242,1253,1265,1277,1288,1301,1313
394943,"Orlando, FL",27,1139,1144,1148,1152,1156,1160,1165,1169,1173,1178,1182,1186,1191,1196,1200,1205,1211,1216,1221,1227,1232,1238,1243,1249,1254,1260,1265,1270,1275,1280,1285,1290,1295,1300,1305,1310,1315,1320,1326,1331,1337,1343,1349,1356,1363,1370,1378,1385,1392,1400,1407,1415,1421,1428,1435,1441,1447,1453,1458,1463,1469,1474,1479,1484,1488,1493,1498,1502,1506,1510,1512,1514,1516,1518,1519,1521,1523,1525,1527,1532,1538,1543,1558,1574,1589,1609,1629,1649,1670,1691,1711,1733,1755
394466,"Cincinnati, OH",28,929,932,936,939,942,946,949,952,956,959,962,965,968,971,974,977,981,984,988,992,995,999,1002,1005,1008,1011,1013,1016,1019,1022,1024,1028,1031,1034,1038,1041,1045,1048,1051,1055,1058,1061,1064,1067,1070,1073,1077,1080,1084,1087,1091,1095,1100,1104,1109,1114,1118,1123,1128,1134,1139,1144,1149,1154,1159,1164,1168,1173,1178,1182,1186,1190,1194,1198,1202,1206,1211,1216,1220,1226,1232,1238,1246,1254,1263,1271,1280,1289,1298,1307,1316,1326,1335
394475,"Cleveland, OH",29,967,970,973,976,979,982,986,989,992,995,999,1003,1007,1010,1014,1018,1021,1024,1027,1030,1033,1035,1039,1043,1046,1050,1053,1057,1059,1061,1062,1063,1063,1064,1063,1061,1060,1059,1058,1057,1058,1059,1060,1062,1064,1066,1068,1071,1073,1075,1078,1080,1083,1086,1089,1092,1095,1099,1102,1105,1108,1111,1113,1116,1118,1120,1122,1124,1126,1128,1131,1133,1135,1138,1141,1144,1148,1152,1155,1160,1165,1170,1177,1184,1191,1199,1207,1215,1223,1231,1240,1248,1256
394735,"Kansas City, MO",30,889,892,896,899,903,906,910,913,917,920,923,926,929,931,934,936,939,942,946,949,952,955,958,961,964,967,969,972,975,978,982,985,988,991,994,997,1000,1003,1006,1009,1012,1015,1018,1021,1023,1026,1029,1032,1035,1038,1041,1044,1047,1050,1053,1056,1059,1062,1065,1069,1072,1075,1079,1082,1086,1089,1093,1096,1100,1104,1107,1111,1114,1119,1123,1127,1132,1136,1141,1146,1151,1156,1163,1170,1177,1185,1192,1200,1207,1215,1223,1230,1238
394775,"Las Vegas, NV",31,1023,1025,1028,1030,1032,1035,1037,1040,1042,1045,1048,1051,1054,1057,1061,1064,1068,1072,1075,1080,1084,1088,1092,1096,1101,1105,1109,1113,1117,1122,1126,1130,1134,1139,1143,1148,1153,1158,1163,1168,1174,1180,1185,1192,1198,1204,1211,1217,1224,1231,1238,1245,1252,1259,1266,1273,1280,1288,1295,1302,1309,1316,1322,1329,1335,1341,1346,1351,1356,1360,1363,1366,1369,1373,1378,1382,1389,1396,1403,1415,1427,1438,1461,1484,1506,1533,1560,1587,1614,1642,1669,1698,1726
394492,"Columbus, OH",32,1071,1074,1076,1079,1081,1084,1086,1089,1092,1094,1098,1102,1106,1110,1114,1119,1123,1127,1132,1136,1141,1145,1149,1153,1157,1160,1163,1166,1169,1172,1175,1178,1181,1185,1188,1192,1196,1200,1205,1209,1214,1218,1223,1228,1233,1238,1243,1248,1253,1258,1262,1267,1272,1277,1282,1286,1291,1296,1300,1304,1308,1312,1316,1321,1325,1329,1333,1337,1341,1345,1349,1353,1358,1362,1367,1372,1378,1383,1389,1396,1402,1409,1418,1427,1436,1446,1456,1466,1476,1486,1496,1506,1517
394705,"Indianapolis, IN",33,955,957,959,961,963,965,967,969,971,973,975,977,979,981,983,985,987,990,992,995,998,1001,1004,1007,1010,1013,1015,1018,1020,1022,1024,1026,1028,1030,1032,1034,1036,1039,1041,1044,1047,1051,1054,1058,1061,1065,1068,1072,1075,1078,1082,1085,1089,1092,1095,1099,1102,1106,1110,1115,1119,1123,1128,1132,1136,1140,1145,1149,1153,1156,1161,1165,1169,1174,1179,1185,1192,1199,1205,1214,1222,1230,1241,1252,1263,1275,1288,1300,1312,1324,1336,1349,1361
395059,"San Jose, CA",34,2140,2175,2210,2246,2280,2314,2348,2382,2416,2449,2480,2510,2541,2566,2590,2615,2636,2657,2679,2696,2714,2731,2743,2755,2767,2772,2777,2782,2783,2783,2784,2785,2786,2787,2789,2792,2795,2801,2807,2812,2820,2828,2836,2844,2853,2861,2870,2879,2889,2898,2908,2918,2927,2937,2947,2955,2964,2973,2980,2988,2995,3002,3008,3015,3021,3028,3035,3040,3046,3052,3050,3049,3047,3036,3025,3014,2996,2978,2960,2942,2924,2906,2903,2901,2898,2902,2907,2912,2918,2924,2930,2938,2947
394355,"Austin, TX",35,1161,1167,1173,1178,1184,1189,1195,1201,1206,1212,1217,1223,1228,1233,1237,1242,1247,1252,1257,1261,1266,1271,1275,1279,1283,1286,1289,1292,1294,1296,1298,1300,1302,1304,1306,1308,1310,1312,1313,1315,1316,1318,1319,1320,1321,1323,1325,1327,1329,1333,1337,1341,1346,1351,1356,1362,1368,1373,1379,1384,1389,1394,1399,1404,1409,1413,1418,1422,1426,1430,1431,1432,1433,1432,1431,1429,1428,1426,1425,1427,1430,1432,1448,1464,1479,1501,1522,1543,1565,1587,1610,1634,1657
395194,"Virginia Beach, VA",36,1143,1145,1147,1148,1150,1152,1154,1156,1157,1159,1161,1162,1164,1165,1166,1168,1169,1170,1171,1173,1174,1175,1177,1178,1179,1180,1181,1182,1182,1183,1184,1185,1187,1188,1189,1191,1192,1194,1196,1198,1200,1201,1203,1205,1206,1208,1210,1212,1213,1215,1217,1219,1221,1223,1226,1228,1231,1234,1237,1240,1243,1246,1249,1252,1255,1258,1262,1264,1266,1269,1271,1273,1275,1278,1282,1285,1291,1296,1302,1310,1318,1326,1339,1352,1365,1379,1394,1409,1424,1440,1455,1470,1486
394902,"Nashville, TN",37,1146,1154,1162,1171,1179,1187,1195,1203,1211,1219,1226,1233,1241,1247,1253,1260,1266,1272,1278,1285,1291,1298,1304,1310,1316,1322,1328,1334,1339,1344,1349,1354,1358,1363,1367,1371,1375,1379,1383,1388,1391,1395,1399,1402,1405,1409,1412,1415,1418,1421,1424,1427,1431,1435,1439,1443,1448,1452,1457,1462,1466,1472,1477,1482,1488,1494,1499,1505,1511,1516,1520,1524,1528,1531,1533,1536,1538,1541,1543,1547,1551,1555,1568,1580,1592,1608,1623,1639,1655,1672,1688,1705,1723
395005,"Providence, RI",38,1165,1168,1171,1174,1177,1180,1183,1186,1189,1192,1196,1199,1203,1207,1212,1216,1222,1227,1233,1238,1243,1248,1252,1257,1261,1266,1270,1275,1279,1284,1288,1293,1298,1303,1308,1313,1318,1321,1324,1328,1331,1335,1339,1344,1348,1353,1358,1364,1369,1375,1382,1388,1394,1400,1406,1412,1417,1423,1428,1434,1440,1445,1451,1456,1461,1466,1471,1475,1480,1484,1488,1493,1497,1504,1511,1517,1527,1536,1546,1558,1570,1581,1597,1613,1629,1646,1663,1680,1697,1714,1732,1749,1767
394862,"Milwaukee, WI",39,951,956,961,966,970,975,979,984,988,993,996,999,1002,1004,1006,1008,1009,1011,1013,1014,1016,1017,1019,1020,1022,1023,1024,1026,1027,1029,1030,1032,1033,1035,1036,1038,1039,1041,1042,1044,1045,1047,1048,1050,1052,1054,1055,1057,1059,1061,1063,1065,1067,1069,1072,1074,1077,1079,1081,1084,1086,1089,1091,1094,1097,1099,1102,1104,1107,1109,1112,1114,1116,1119,1121,1124,1126,1129,1131,1134,1137,1140,1145,1151,1156,1162,1168,1174,1180,1186,1192,1199,1205
394714,"Jacksonville, FL",40,1053,1054,1056,1058,1060,1062,1063,1065,1067,1069,1071,1073,1075,1078,1081,1084,1087,1090,1093,1097,1100,1104,1108,1111,1115,1118,1121,1124,1127,1130,1133,1136,1139,1142,1146,1149,1152,1156,1160,1163,1167,1171,1175,1180,1185,1189,1194,1199,1204,1209,1215,1220,1225,1231,1236,1241,1245,1250,1254,1258,1263,1267,1271,1275,1278,1282,1286,1289,1293,1296,1299,1302,1305,1309,1312,1316,1322,1327,1333,1341,1350,1359,1377,1394,1412,1433,1454,1475,1497,1519,1540,1563,1586
394849,"Memphis, TN",41,1037,1039,1041,1044,1046,1048,1050,1053,1055,1057,1059,1060,1062,1063,1065,1066,1067,1069,1070,1072,1073,1075,1077,1079,1080,1082,1084,1086,1088,1090,1092,1094,1095,1097,1099,1100,1102,1104,1105,1107,1109,1111,1113,1116,1118,1121,1124,1127,1130,1133,1136,1140,1143,1147,1151,1155,1159,1163,1167,1171,1175,1179,1183,1187,1191,1195,1199,1204,1208,1213,1219,1224,1230,1238,1246,1254,1264,1273,1283,1295,1306,1318,1333,1348,1363,1379,1395,1411,1427,1443,1460,1476,1493
394935,"Oklahoma City, OK",42,965,968,972,975,979,982,986,989,992,996,999,1001,1004,1006,1007,1009,1010,1010,1011,1011,1012,1012,1012,1012,1012,1012,1011,1011,1011,1010,1010,1009,1009,1008,1008,1008,1008,1009,1010,1011,1012,1014,1015,1016,1018,1019,1021,1022,1024,1025,1027,1029,1031,1034,1036,1039,1042,1044,1048,1051,1054,1057,1060,1063,1065,1068,1070,1072,1074,1076,1077,1078,1079,1080,1082,1083,1086,1089,1091,1095,1099,1103,1111,1119,1127,1136,1145,1154,1164,1173,1183,1193,1202
394807,"Louisville-Jefferson County, KY",43,860,863,867,871,875,878,882,886,889,893,896,900,903,905,907,910,912,914,916,918,920,922,925,928,930,934,937,940,944,947,951,955,959,963,967,970,974,977,980,983,985,988,991,993,995,998,1000,1002,1004,1006,1009,1011,1013,1016,1019,1021,1024,1027,1029,1032,1035,1037,1040,1043,1045,1047,1050,1052,1054,1057,1059,1061,1064,1067,1070,1073,1077,1081,1085,1089,1093,1097,1103,1108,1113,1119,1125,1131,1137,1142,1148,1154,1160
394669,"Hartford, CT",44,1227,1230,1233,1235,1238,1240,1243,1246,1248,1251,1254,1257,1260,1263,1265,1267,1269,1271,1273,1275,1277,1279,1281,1282,1284,1286,1288,1290,1291,1293,1295,1296,1298,1300,1302,1304,1306,1308,1310,1312,1314,1315,1317,1319,1321,1323,1325,1327,1329,1331,1333,1335,1338,1341,1343,1346,1349,1352,1354,1357,1359,1361,1364,1366,1368,1370,1372,1374,1376,1378,1381,1383,1386,1389,1393,1396,1401,1406,1411,1417,1424,1430,1440,1450,1460,1471,1483,1494,1505,1516,1528,1540,1551
395022,"Richmond, VA",45,,1066,1068,1071,1073,1076,1078,1080,1083,1085,1087,1090,1092,1094,1096,1098,1100,1103,1105,1107,1110,1113,1116,1119,1121,1124,1127,1129,1131,1134,1136,1138,1140,1142,1144,1147,1149,1152,1155,1158,1161,1164,1168,1171,1175,1179,1183,1187,1190,1194,1198,1202,1206,1209,1213,1217,1220,1224,1227,1231,1235,1238,1242,1246,1250,1253,1257,1261,1264,1266,1269,1272,1274,1276,1279,1282,1284,1288,1292,1296,1303,1309,1316,1326,1337,1348,1359,1370,1381,1393,1404,1416,1428
394910,"New Orleans, LA",46,1066,1067,1069,1070,1072,1073,1075,1077,1078,1080,1082,1085,1087,1089,1091,1093,1096,1098,1101,1103,1105,1107,1109,1110,1112,1113,1114,1115,1116,1118,1119,1120,1122,1123,1125,1127,1129,1131,1132,1134,1135,1136,1137,1138,1138,1139,1140,1140,1141,1142,1143,1144,1145,1145,1146,1148,1149,1150,1151,1153,1154,1156,1158,1159,1162,1164,1167,1169,1172,1174,1176,1177,1179,1180,1181,1182,1184,1186,1188,1192,1196,1200,1208,1215,1223,1232,1241,1250,1259,1268,1278,1287,1297
394425,"Buffalo, NY",47,824,829,833,838,842,847,851,856,861,865,870,874,879,883,887,891,894,898,902,905,908,910,913,915,918,920,922,925,928,931,933,937,940,943,946,949,953,955,958,960,963,965,968,970,972,975,978,980,983,986,989,992,995,998,1001,1004,1007,1010,1013,1016,1018,1021,1024,1026,1029,1032,1034,1037,1040,1043,1047,1050,1053,1057,1061,1065,1070,1074,1078,1083,1088,1093,1100,1107,1114,1122,1131,1139,1147,1156,1164,1173,1181
395012,"Raleigh, NC",48,1152,1154,1157,1160,1163,1166,1169,1172,1175,1178,1182,1186,1189,1193,1197,1201,1205,1208,1212,1216,1219,1223,1227,1230,1234,1238,1241,1245,1249,1252,1256,1259,1263,1266,1269,1272,1275,1278,1281,1284,1287,1290,1293,1296,1299,1302,1305,1308,1311,1315,1318,1322,1325,1329,1333,1337,1342,1346,1351,1356,1360,1365,1370,1375,1380,1385,1390,1394,1398,1402,1404,1406,1408,1409,1411,1413,1416,1419,1422,1428,1433,1439,1453,1466,1480,1496,1513,1529,1546,1564,1581,1599,1616
394388,"Birmingham, AL",49,963,965,967,969,971,972,974,976,978,980,982,984,986,988,990,992,994,996,998,1000,1002,1004,1006,1008,1010,1011,1012,1014,1015,1016,1017,1018,1019,1020,1022,1023,1024,1026,1028,1030,1033,1035,1037,1040,1042,1044,1047,1049,1052,1054,1057,1059,1062,1065,1069,1072,1076,1080,1084,1088,1091,1095,1098,1102,1105,1108,1111,1114,1116,1119,1122,1126,1129,1132,1136,1139,1144,1148,1152,1157,1162,1167,1174,1181,1189,1197,1206,1214,1223,1231,1240,1249,1258
395053,"Salt Lake City, UT",50,,1023,1027,1030,1034,1037,1040,1044,1047,1051,1054,1058,1062,1065,1069,1073,1077,1082,1086,1091,1095,1100,1104,1109,1113,1117,1122,1127,1131,1136,1140,1144,1149,1154,1159,1164,1169,1175,1180,1185,1191,1196,1201,1206,1211,1216,1222,1227,1232,1237,1243,1248,1254,1260,1266,1272,1277,1283,1288,1294,1299,1304,1309,1314,1318,1322,1326,1330,1333,1336,1339,1340,1341,1343,1345,1346,1348,1352,1355,1358,1366,1374,1382,1397,1412,1428,1443,1459,1475,1491,1508,1524,1541
395031,"Rochester, NY",51,,953,957,962,966,970,974,978,982,986,989,993,996,999,1002,1005,1007,1010,1013,1016,1019,1021,1024,1026,1028,1031,1032,1034,1036,1037,1039,1041,1043,1045,1047,1050,1052,1055,1058,1060,1063,1066,1069,1072,1075,1078,1082,1085,1088,1091,1093,1096,1099,1101,1103,1105,1108,1110,1112,1114,1117,1119,1121,1123,1125,1127,1129,1132,1134,1136,1138,1140,1142,1145,1148,1152,1156,1162,1168,1174,1183,1192,1201,1213,1225,1237,1249,1261,1273,1286,1298,1310,1323
394640,"Grand Rapids, MI",52,811,817,823,829,836,842,848,854,860,866,871,877,883,888,894,899,905,912,918,924,931,938,945,952,958,965,972,978,985,991,997,1002,1008,1013,1018,1024,1029,1034,1039,1044,1048,1052,1057,1061,1066,1070,1074,1078,1083,1087,1091,1095,1100,1104,1109,1114,1118,1123,1127,1132,1136,1140,1145,1149,1153,1157,1161,1165,1170,1174,1177,1181,1184,1188,1192,1196,1201,1206,1210,1217,1223,1229,1239,1249,1260,1271,1283,1295,1307,1319,1331,1343,1356
395167,"Tucson, AZ",53,914,915,916,917,918,919,920,921,923,924,925,926,927,929,930,932,933,935,937,939,941,943,945,948,950,952,955,957,960,962,965,969,972,975,979,983,987,991,995,999,1003,1007,1011,1015,1019,1024,1028,1033,1037,1043,1048,1053,1059,1065,1071,1077,1082,1088,1094,1099,1105,1110,1115,1120,1126,1131,1137,1142,1147,1152,1157,1161,1166,1172,1178,1184,1191,1199,1207,1217,1228,1238,1254,1269,1285,1301,1318,1335,1351,1368,1385,1403,1420
753924,"Urban Honolulu, HI",54,1997,2013,2029,2046,2062,2078,2094,2109,2125,2140,2154,2167,2181,2190,2200,2210,2215,2221,2227,2231,2234,2238,2242,2245,2249,2252,2255,2258,2260,2262,2265,2267,2270,2272,2275,2277,2280,2282,2284,2286,2288,2290,2293,2295,2298,2300,2303,2306,2309,2312,2316,2319,2323,2326,2329,2333,2337,2340,2344,2347,2350,2353,2357,2360,2363,2367,2370,2372,2374,2376,2376,2376,2375,2374,2373,2372,2373,2373,2373,2378,2383,2388,2401,2414,2428,2444,2460,2476,2493,2509,2526,2544,2561
395169,"Tulsa, OK",55,899,901,903,904,906,908,910,911,913,915,917,918,920,922,923,925,927,928,929,930,931,932,933,934,935,935,936,936,936,937,938,938,939,940,940,941,941,942,942,942,943,943,944,945,946,947,948,949,950,951,953,954,955,957,958,959,961,962,964,966,968,970,972,974,977,980,982,985,988,991,994,997,1000,1003,1006,1009,1013,1017,1020,1026,1032,1037,1047,1056,1066,1077,1087,1098,1109,1120,1131,1143,1154
394619,"Fresno, CA",56,1138,1141,1144,1147,1150,1152,1155,1158,1161,1164,1166,1169,1172,1174,1177,1180,1183,1185,1188,1192,1195,1198,1202,1206,1210,1214,1219,1223,1227,1231,1235,1238,1242,1246,1251,1255,1260,1266,1272,1277,1283,1289,1295,1301,1307,1313,1318,1324,1329,1335,1340,1346,1352,1359,1366,1373,1380,1387,1394,1401,1407,1414,1421,1427,1434,1441,1447,1454,1460,1466,1471,1476,1481,1486,1490,1495,1502,1510,1517,1529,1542,1554,1577,1600,1623,1649,1674,1700,1727,1753,1780,1807,1835
395238,"Worcester, MA",57,1074,1078,1082,1086,1090,1094,1098,1102,1106,1110,1114,1119,1123,1126,1130,1134,1138,1142,1146,1150,1155,1159,1164,1169,1174,1179,1184,1189,1194,1200,1205,1210,1216,1221,1227,1232,1237,1242,1247,1252,1257,1261,1266,1271,1275,1280,1285,1291,1296,1303,1309,1316,1322,1328,1335,1341,1347,1353,1359,1365,1370,1376,1381,1386,1392,1398,1404,1410,1416,1422,1427,1432,1436,1441,1446,1451,1456,1462,1468,1475,1482,1489,1500,1511,1522,1535,1547,1559,1572,1584,1597,1610,1623
394415,"Stamford, CT",58,1843,1854,1865,1876,1886,1896,1906,1917,1927,1937,1943,1950,1957,1961,1965,1969,1973,1976,1980,1983,1986,1989,1992,1994,1997,1999,2002,2004,2006,2008,2011,2014,2017,2020,2023,2027,2030,2033,2037,2040,2043,2046,2050,2052,2055,2058,2062,2066,2070,2074,2079,2083,2088,2093,2098,2103,2108,2112,2117,2121,2126,2131,2136,2141,2146,2150,2155,2159,2163,2167,2172,2176,2181,2187,2193,2199,2207,2216,2225,2237,2249,2262,2280,2298,2316,2336,2355,2374,2394,2414,2434,2454,2474
394312,"Albuquerque, NM",59,939,940,941,942,944,945,946,948,949,950,952,954,956,958,960,962,964,966,968,970,972,974,976,978,980,982,985,987,989,991,993,995,997,999,1001,1003,1005,1007,1008,1010,1012,1014,1015,1018,1020,1022,1025,1027,1030,1033,1035,1038,1041,1044,1047,1050,1053,1056,1060,1063,1067,1071,1075,1079,1083,1088,1092,1096,1100,1104,1108,1112,1115,1120,1125,1130,1137,1144,1150,1160,1169,1178,1193,1207,1222,1238,1255,1271,1288,1305,1322,1339,1357
394308,"Albany, NY",60,1085,1090,1095,1100,1105,1109,1114,1119,1123,1128,1131,1134,1138,1139,1140,1142,1142,1143,1144,1145,1147,1148,1150,1153,1155,1158,1161,1165,1168,1172,1176,1180,1183,1187,1189,1191,1194,1195,1197,1198,1199,1200,1201,1202,1204,1206,1208,1210,1213,1216,1219,1222,1225,1228,1231,1233,1235,1236,1239,1241,1243,1245,1248,1250,1253,1256,1259,1262,1266,1270,1273,1276,1280,1283,1286,1289,1293,1296,1300,1303,1307,1310,1318,1325,1333,1342,1351,1360,1370,1379,1388,1398,1408
394938,"Omaha, NE",61,834,838,842,846,850,854,858,862,866,871,875,879,883,885,888,891,894,896,898,900,902,904,906,908,910,912,915,918,921,924,926,929,932,934,937,940,942,945,947,949,951,953,955,957,959,961,963,964,966,968,970,972,975,977,980,982,985,988,991,994,997,1000,1003,1006,1009,1012,1015,1019,1023,1026,1030,1034,1038,1042,1046,1050,1054,1057,1061,1066,1070,1074,1080,1086,1092,1099,1106,1113,1120,1127,1134,1142,1149
394908,"New Haven, CT",62,1221,1226,1231,1236,1241,1246,1251,1256,1260,1265,1269,1273,1277,1279,1282,1285,1287,1289,1291,1293,1295,1297,1300,1303,1306,1308,1311,1314,1316,1318,1321,1323,1325,1327,1329,1331,1333,1335,1338,1340,1343,1346,1349,1352,1355,1358,1361,1364,1367,1370,1373,1376,1379,1382,1385,1389,1392,1396,1399,1402,1405,1408,1410,1413,1416,1420,1423,1427,1430,1434,1437,1441,1445,1449,1454,1459,1465,1470,1476,1483,1489,1495,1506,1517,1528,1541,1554,1567,1580,1593,1605,1619,1632
394357,"Bakersfield, CA",63,988,992,996,999,1003,1006,1010,1014,1017,1021,1024,1027,1030,1032,1033,1035,1037,1038,1040,1041,1042,1043,1044,1045,1046,1048,1050,1052,1055,1058,1060,1064,1067,1070,1073,1076,1079,1082,1084,1087,1089,1092,1094,1097,1100,1103,1107,1111,1114,1119,1123,1127,1132,1137,1141,1147,1152,1157,1163,1168,1173,1179,1184,1189,1195,1200,1205,1210,1215,1220,1225,1230,1236,1243,1250,1258,1266,1275,1283,1294,1304,1314,1328,1341,1355,1370,1384,1399,1414,1428,1443,1458,1473
394753,"Knoxville, TN",64,944,947,949,952,954,957,960,963,965,968,971,974,976,978,980,982,983,983,984,985,986,987,989,991,993,997,1001,1004,1008,1012,1016,1020,1024,1028,1031,1034,1038,1041,1044,1048,1051,1055,1059,1062,1066,1069,1073,1077,1080,1084,1089,1093,1098,1102,1107,1113,1119,1124,1130,1136,1141,1147,1152,1158,1163,1168,1174,1178,1182,1187,1190,1193,1197,1202,1207,1212,1219,1226,1233,1242,1252,1262,1278,1294,1310,1328,1347,1365,1384,1402,1421,1440,1459
394653,"Greenville, SC",65,917,919,922,925,927,930,933,935,938,941,944,948,951,955,958,962,966,971,975,980,985,990,995,1000,1005,1009,1013,1017,1019,1022,1025,1026,1028,1029,1031,1033,1035,1037,1039,1041,1044,1047,1049,1052,1056,1059,1062,1065,1068,1071,1074,1078,1082,1085,1089,1093,1096,1100,1103,1107,1110,1113,1116,1119,1123,1126,1129,1132,1135,1138,1140,1142,1144,1145,1147,1148,1151,1153,1155,1160,1164,1168,1178,1189,1199,1211,1223,1236,1248,1261,1274,1287,1300
394952,"Ventura, CA",66,1915,1923,1932,1940,1949,1957,1966,1974,1983,1992,2002,2012,2022,2031,2040,2049,2057,2064,2072,2079,2086,2093,2101,2108,2115,2123,2132,2140,2149,2158,2168,2178,2188,2198,2207,2215,2224,2231,2239,2246,2254,2261,2268,2276,2283,2291,2299,2307,2315,2324,2334,2343,2353,2362,2372,2380,2388,2397,2403,2410,2417,2423,2429,2434,2440,2445,2451,2456,2460,2465,2469,2472,2476,2480,2485,2489,2497,2505,2513,2527,2541,2555,2579,2604,2629,2657,2685,2713,2742,2771,2799,2829,2859
394318,"Allentown, PA",67,1180,1183,1185,1187,1189,1191,1193,1195,1197,1199,1201,1203,1205,1207,1209,1210,1213,1215,1217,1220,1223,1226,1229,1231,1234,1237,1240,1243,1245,1248,1251,1254,1256,1259,1262,1265,1268,1272,1275,1278,1281,1284,1287,1290,1293,1296,1299,1303,1306,1309,1312,1315,1319,1323,1327,1331,1335,1339,1344,1348,1352,1356,1361,1365,1369,1373,1378,1381,1384,1387,1390,1393,1396,1401,1405,1410,1418,1426,1434,1446,1458,1470,1487,1504,1521,1540,1558,1577,1595,1614,1633,1652,1670
394561,"El Paso, TX",68,967,968,968,969,969,970,970,971,971,971,972,972,972,973,973,973,973,974,974,974,974,975,975,975,975,976,976,976,977,978,979,979,980,981,981,981,982,982,982,983,983,983,983,983,983,983,984,985,986,988,989,990,991,993,994,996,997,999,1001,1002,1004,1006,1009,1011,1014,1017,1020,1023,1026,1030,1034,1037,1041,1046,1050,1055,1060,1066,1071,1078,1084,1091,1098,1106,1113,1121,1130,1138,1146,1155,1163,1171,1180
394367,"Baton Rouge, LA",69,1090,1091,1092,1093,1095,1096,1097,1099,1100,1102,1104,1107,1109,1111,1113,1115,1117,1119,1121,1123,1125,1127,1128,1130,1132,1136,1139,1142,1147,1152,1157,1161,1164,1168,1171,1173,1175,1175,1176,1176,1175,1174,1173,1172,1171,1170,1170,1170,1170,1171,1171,1172,1172,1173,1173,1173,1173,1173,1174,1174,1174,1174,1174,1174,1174,1174,1174,1173,1173,1172,1172,1172,1172,1173,1174,1175,1178,1181,1183,1188,1192,1196,1202,1208,1214,1221,1228,1235,1242,1249,1256,1264,1271
394521,"Dayton, OH",70,795,797,798,800,802,803,805,807,808,810,812,814,816,817,819,821,823,825,827,830,833,836,838,841,844,846,849,851,854,856,858,860,861,863,865,867,869,872,875,877,880,883,886,889,892,894,897,900,903,906,908,911,913,916,918,921,924,926,929,932,935,939,942,946,950,954,958,962,965,969,973,976,979,983,986,990,994,998,1003,1008,1014,1020,1027,1035,1042,1051,1060,1068,1077,1086,1095,1104,1113
394843,"McAllen, TX",71,803,805,,809,812,814,816,818,820,822,824,826,828,829,830,831,833,834,835,837,838,839,840,841,842,843,844,845,846,847,848,849,850,851,852,852,853,854,855,856,857,858,859,860,862,863,864,865,866,866,867,867,868,868,869,870,870,871,872,874,875,876,878,880,881,882,884,885,886,888,889,891,893,895,897,898,901,904,906,910,914,918,924,930,937,944,950,957,965,972,979,986,994
394486,"Columbia, SC",72,,951,953,955,957,959,960,962,964,965,967,969,971,973,974,976,977,979,981,982,984,987,989,991,992,994,996,998,1001,1003,1005,1007,1010,1012,1014,1017,1019,1021,1023,1025,1027,1030,1032,1034,1037,1039,1042,1045,1047,1050,1053,1057,1060,1063,1066,1070,1074,1078,1082,1086,1090,1094,1097,1101,1104,1107,1110,1114,1117,1120,1123,1126,1129,1132,1137,1141,1146,1152,1158,1163,1171,1179,1186,1198,1210,1222,1234,1247,1259,1272,1285,1297,1310
394648,"Greensboro, NC",73,985,985,986,987,988,989,991,992,993,994,996,998,999,1002,1004,1006,1007,1009,1010,1011,1013,1014,1015,1016,1017,1019,1021,1022,1026,1029,1033,1037,1041,1045,1048,1052,1056,1059,1062,1065,1068,1071,1073,1075,1078,1080,1083,1085,1088,1091,1094,1097,1101,1104,1108,1112,1116,1120,1125,1130,1135,1140,1145,1150,1154,1159,1164,1168,1173,1177,1181,1186,1190,1195,1200,1205,1212,1219,1225,1235,1244,1253,1265,1278,1290,1303,1317,1330,1344,1358,1372,1386,1400
394304,"Akron, OH",74,781,785,788,791,795,798,801,805,808,812,815,819,822,825,828,830,833,835,837,839,840,842,843,845,846,847,849,850,852,853,855,856,858,859,861,862,864,865,866,868,869,870,871,872,874,875,877,878,879,881,882,884,886,888,890,892,894,896,898,900,901,904,906,909,912,914,917,920,923,926,929,932,935,938,941,944,948,951,954,960,965,970,979,987,995,1003,1012,1021,1030,1039,1048,1057,1066
753906,"North Port-Sarasota-Bradenton, FL",75,1229,1238,1247,1256,1265,1274,1282,1291,1300,1309,1317,1325,1333,1341,1348,1356,1363,1370,1377,1384,1390,1397,1402,1407,1412,1416,1420,1424,1427,1431,1435,1438,1442,1445,1449,1453,1457,1461,1465,1468,1472,1476,1479,1483,1487,1490,1495,1499,1503,1508,1513,1518,1522,1527,1532,1537,1542,1546,1551,1556,1560,1565,1570,1575,1580,1585,1590,1594,1598,1603,1606,1609,1612,1616,1621,1625,1631,1638,1644,1655,1667,1678,1704,1729,1755,1787,1819,1851,1884,1917,1950,1985,2019
394798,"Little Rock, AR",76,789,790,791,792,792,793,794,795,796,797,798,799,800,801,801,802,803,804,805,806,806,807,808,808,808,809,809,810,811,811,812,813,814,815,816,817,818,819,820,821,822,823,824,825,825,826,826,827,827,828,829,830,831,832,833,834,836,837,839,841,843,845,846,848,850,851,853,854,856,858,860,862,864,866,869,872,876,880,884,888,893,898,906,913,920,929,937,946,954,963,972,981,990
395134,"Stockton, CA",77,1338,1345,1351,1357,1363,1370,1376,1382,1389,1395,1403,1411,1418,1427,1436,1445,1454,1463,1472,1482,1493,1503,1513,1523,1534,1544,1554,1563,1574,1585,1595,1606,1617,1628,1640,1652,1663,1675,1687,1699,1710,1721,1732,1742,1752,1761,1770,1779,1788,1797,1806,1815,1823,1832,1841,1849,1858,1866,1875,1883,1891,1899,1907,1915,1924,1933,1942,1952,1962,1972,1980,1989,1998,2008,2018,2028,2042,2055,2069,2088,2107,2125,2153,2181,2209,2239,2268,2298,2328,2358,2389,2419,2450
394457,"Charleston, SC",78,1153,1158,1164,1169,1175,1180,1186,1191,1196,1202,1207,1212,1218,1222,1227,1232,1236,1239,1243,1247,1251,1254,1259,1264,1268,1274,1279,1285,1290,1296,1302,1307,1312,1317,1322,1326,1331,1335,1340,1345,1349,1354,1358,1363,1367,1371,1375,1379,1383,1387,1391,1395,1398,1402,1406,1410,1414,1418,1422,1426,1430,1434,1437,1441,1445,1449,1453,1457,1461,1465,1467,1469,1472,1474,1475,1477,1480,1482,1485,1489,1494,1499,1512,1526,1540,1557,1574,1591,1609,1627,1645,1663,1682
395143,"Syracuse, NY",79,893,897,900,904,907,911,914,918,921,925,928,931,934,936,938,940,944,947,951,955,959,963,966,968,971,973,975,977,980,982,984,986,988,989,991,993,995,998,1001,1004,1007,1011,1014,1018,1021,1024,1027,1029,1031,1032,1033,1035,1035,1035,1035,1036,1036,1037,1038,1040,1042,1045,1048,1051,1054,1057,1061,1064,1068,1072,1076,1080,1084,1088,1091,1095,1099,1103,1107,1113,1118,1124,1133,1143,1152,1164,1175,1187,1199,1211,1223,1235,
394484,"Colorado Springs, CO",80,1050,1054,1059,1063,1067,1072,1076,1081,1085,1090,1094,1098,1103,1107,1112,1117,1122,1127,1132,1137,1143,1148,1155,1161,1167,1174,1181,1188,1195,1202,1209,1215,1222,1229,1236,1242,1249,1255,1261,1267,1273,1280,1286,1293,1299,1306,1312,1319,1325,1331,1336,1342,1347,1353,1358,1363,1369,1374,1380,1386,1392,1398,1404,1411,1417,1424,1431,1437,1442,1448,1453,1458,1463,1469,1475,1481,1488,1494,1501,1511,1521,1531,1547,1564,1580,1598,1617,1635,1654,1673,1692,1711,1731
395235,"Winston-Salem, NC",81,1087,1087,1086,1085,1085,1085,1084,1084,1084,1084,1086,1087,1089,1092,1095,1097,1100,1103,1106,1109,1112,1115,1117,1120,1123,1125,1128,1130,1132,1135,1137,1140,1142,1145,1148,1151,1154,1157,1161,1164,1168,1172,1176,1180,1184,1188,1191,1195,1199,1203,1207,1211,1215,1219,1224,1229,1234,1239,1244,1249,1255,1260,1265,1271,1276,1281,1286,1290,1295,1299,1303,1308,1312,1317,1323,1328,1335,1342,1349,1359,1368,1378,1393,1408,1423,1440,1456,1473,1490,1507,1524,1542,1560
395224,"Wichita, KS",82,,728,732,736,740,743,747,750,753,756,760,761,762,763,762,762,761,761,761,761,761,762,763,764,765,766,767,768,768,768,769,769,769,769,769,769,769,769,770,771,771,772,773,773,774,775,776,776,777,778,779,780,781,782,783,784,785,786,786,787,789,790,791,792,794,795,797,799,801,803,804,807,809,811,813,815,817,820,822,825,828,832,835,840,845,850,855,860,865,870,875,880,885
395115,"Springfield, MA",83,,1196,1201,1205,1210,1214,1218,1223,1227,1231,1236,1239,1242,1245,1248,1250,1253,1256,1259,1262,1265,1269,1273,1277,1281,1285,1289,1292,1296,1299,1301,1304,1306,1308,1309,1312,1314,1316,1318,1321,1324,1328,1331,1335,1339,1342,1346,1350,1354,1359,1363,1368,1373,1377,1381,1385,1389,1393,1397,1401,1404,1407,1410,1412,1415,1419,1422,1426,1430,1434,1438,1441,1444,1447,1450,1454,1457,1461,1466,1470,1477,1484,1490,1498,1506,1514,1522,1531,1539,1547,1555,1563,1571
394440,"Fort Myers, FL",84,1013,1022,1031,1040,1049,1058,1067,1076,1085,1095,1105,1116,1126,1137,1149,1160,1171,1182,1193,1203,1214,1224,1232,1241,1249,1256,1262,1269,1274,1280,1285,1290,1295,1300,1304,1308,1312,1316,1319,1323,1327,1331,1335,1339,1343,1347,1351,1356,1360,1364,1369,1374,1378,1383,1387,1391,1395,1399,1404,1408,1412,1416,1420,1424,1428,1432,1435,1439,1443,1448,1451,1455,1459,1463,1468,1473,1478,1484,1490,1498,1506,1515,1535,1555,1575,1601,1627,1652,1679,1706,1733,1761,1790
394399,"Boise City, ID",85,949,952,956,960,964,967,971,975,979,983,987,990,994,999,1003,1007,1013,1018,1023,1028,1034,1039,1045,1051,1056,1062,1068,1074,1080,1086,1092,1098,1104,1109,1116,1122,1128,1134,1141,1147,1154,1161,1168,1175,1182,1189,1196,1203,1210,1218,1225,1233,1241,1250,1258,1267,1275,1284,1293,1302,1310,1318,1326,1333,1340,1347,1354,1360,1366,1372,1377,1383,1388,1395,1402,1409,1420,1431,1443,1461,1478,1496,1522,1549,1575,1604,1632,1661,1690,1719,1748,1777,1807
395160,"Toledo, OH",86,855,856,856,857,859,860,861,862,864,865,867,869,872,873,875,877,878,880,882,883,883,884,885,886,888,890,893,896,898,901,903,905,907,908,909,911,912,913,914,916,918,919,921,924,927,929,931,934,936,937,939,940,941,942,943,944,944,945,947,948,949,951,952,954,955,956,957,958,960,961,963,965,967,970,972,975,979,983,987,993,999,1005,1015,1025,1034,1045,1056,1067,1078,1089,1100,1112,1123
394816,"Madison, WI",87,1083,1085,1087,1088,1090,1092,1094,1096,1098,1100,1103,1106,1110,1113,1117,1120,1124,1128,1132,1136,1140,1144,1147,1150,1154,1157,1159,1162,1165,1167,1169,1171,1173,1175,1177,1179,1181,1183,1185,1187,1189,1191,1193,1194,1196,1198,1200,1202,1204,1207,1209,1212,1215,1218,1220,1224,1227,1230,1233,1236,1239,1242,1244,1247,1250,1252,1255,1258,1261,1264,1267,1270,1272,1275,1278,1280,1283,1287,1290,1293,1297,1300,1305,1310,1314,1319,1324,1330,1335,1340,1345,1350,1356
394766,"Lakeland, FL",88,1011,1014,1017,1020,1023,1026,1029,1032,1035,1038,1042,1045,1048,1051,1054,1057,1061,1064,1068,1072,1076,1079,1084,1088,1093,1098,1103,1108,1113,1118,1123,1128,1133,1138,1143,1147,1152,1156,1160,1165,1169,1174,1178,1183,1189,1194,1200,1207,1213,1220,1227,1235,1242,1249,1256,1263,1271,1278,1284,1290,1296,1301,1306,1312,1317,1322,1327,1332,1337,1342,1346,1351,1356,1361,1366,1372,1379,1385,1392,1402,1411,1420,1436,1452,1468,1487,1505,1524,1544,1563,1582,1602,1622
394931,"Ogden, UT",89,950,953,955,958,961,964,967,969,972,975,978,981,984,987,991,995,999,1003,1007,1010,1014,1017,1021,1025,1028,1033,1038,1042,1048,1053,1058,1064,1070,1076,1082,1087,1093,1098,1103,1108,1112,1117,1121,1126,1132,1137,1142,1148,1154,1160,1166,1172,1179,1185,1192,1198,1205,1211,1217,1223,1229,1234,1240,1245,1251,1256,1261,1267,1272,1277,1281,1286,1290,1295,1299,1304,1310,1315,1321,1330,1339,1348,1363,1379,1394,1412,1429,1447,1465,1483,1501,1519,1538
394528,"Daytona Beach, FL",90,971,976,981,986,991,996,1001,1006,1011,1016,1022,1028,1033,1040,1046,1052,1058,1064,1070,1075,1080,1086,1092,1098,1104,1110,1116,1122,1129,1135,1141,1147,1152,1158,1163,1168,1173,1177,1182,1187,1192,1197,1202,1209,1215,1221,1228,1235,1241,1248,1254,1260,1267,1273,1280,1286,1292,1299,1304,1310,1315,1320,1325,1330,1335,1340,1345,1350,1355,1359,1363,1367,1372,1376,1381,1386,1393,1399,1406,1415,1425,1434,1449,1465,1480,1497,1514,1532,1549,1567,1585,1603,1621
394531,"Des Moines, IA",91,969,973,978,982,986,990,995,999,1003,1007,1010,1013,1016,1016,1017,1018,1016,1015,1014,1012,1011,1009,1009,1009,1009,1010,1012,1013,1015,1017,1020,1022,1025,1027,1029,1031,1033,1035,1036,1038,1038,1039,1040,1040,1040,1041,1042,1043,1043,1045,1046,1047,1049,1051,1053,1054,1055,1057,1058,1059,1060,1062,1063,1065,1067,1069,1072,1074,1076,1078,1079,1081,1082,1083,1085,1086,1088,1090,1091,1094,1097,1100,1104,1107,1111,1115,1120,1124,1128,1132,1136,1140,1145
394711,"Jackson, MS",92,1064,1065,1067,1069,1070,1072,1073,1075,1077,1079,1080,1081,1082,1083,1084,1085,1087,1089,1091,1094,1098,1101,1103,1106,1109,1111,1114,1116,1117,1118,1119,1119,1119,1119,1120,1121,1121,1122,1123,1124,1125,1126,1127,1128,1129,1130,1131,1131,1132,1133,1134,1134,1136,1137,1138,1140,1141,1142,1143,1145,1146,1148,1149,1150,1151,1153,1154,1157,1159,1161,1164,1166,1169,1172,1175,1178,1181,1184,1187,1191,1194,1198,1206,1213,1221,1229,1237,1246,1254,1263,1272,1281,1290
395245,"Youngstown, OH",93,606,607,608,609,610,611,612,613,614,615,616,616,617,617,617,618,618,619,620,620,621,621,623,624,625,626,628,630,631,632,633,635,636,638,640,642,644,645,647,648,649,650,651,652,653,654,655,657,658,660,662,664,667,669,672,674,677,679,680,682,683,684,685,685,686,687,688,690,692,694,697,700,703,706,709,712,716,720,723,728,732,737,744,752,759,767,775,784,792,801,809,818,827
394352,"Augusta, GA",94,902,901,900,899,899,898,898,897,897,896,897,898,899,901,903,904,906,908,910,911,913,915,917,918,920,922,923,925,926,928,930,931,933,934,936,937,939,941,943,944,947,949,952,955,957,960,963,965,968,970,972,974,977,979,981,984,987,990,993,997,1001,1004,1008,1012,1016,1019,1023,1026,1030,1033,1036,1040,1043,1048,1053,1058,1065,1071,1078,1086,1093,1101,1111,1122,1132,1143,1154,1166,1177,1188,1200,1211,1223
395075,"Scranton, PA",95,777,778,779,781,782,783,785,786,787,788,789,789,789,789,789,789,790,790,791,792,794,795,797,799,800,802,803,805,807,808,810,813,815,817,819,820,822,823,824,825,826,827,828,829,829,830,831,832,833,835,837,839,841,843,845,847,849,851,854,856,859,862,865,868,871,874,877,880,883,886,888,891,893,896,899,902,906,910,915,921,927,933,942,951,961,971,982,993,1003,1014,1025,1036,1047
394666,"Harrisburg, PA",96,943,940,938,936,934,932,931,929,928,926,927,928,929,931,933,936,938,940,942,943,944,945,947,949,951,953,956,958,960,963,965,967,968,970,971,972,973,974,975,976,977,978,980,981,983,984,986,988,990,993,995,998,1002,1006,1010,1015,1019,1024,1028,1032,1036,1039,1042,1046,1048,1051,1054,1056,1058,1060,1061,1063,1064,1066,1068,1070,1073,1076,1079,1084,1089,1095,1105,1115,1125,1136,1148,1159,1171,1183,1195,1208,1220
394957,"Melbourne, FL",97,955,960,965,969,974,979,984,989,995,1000,1005,1011,1017,1024,1031,1038,1045,1052,1060,1067,1074,1081,1088,1095,1102,1108,1115,1122,1129,1136,1143,1150,1157,1164,1171,1178,1185,1192,1198,1205,1212,1218,1225,1232,1239,1246,1253,1261,1268,1275,1283,1290,1296,1303,1310,1316,1322,1328,1333,1338,1342,1347,1351,1355,1360,1365,1370,1375,1380,1386,1391,1396,1401,1406,1412,1417,1423,1430,1436,1445,1454,1463,1480,1498,1515,1537,1558,1579,1601,1623,1645,1668,1691
395113,"Spokane, WA",99,965,961,956,952,948,945,941,938,935,931,932,932,933,937,941,945,948,952,956,959,963,966,970,974,977,982,986,990,996,1001,1007,1011,1015,1020,1023,1027,1031,1035,1039,1044,1048,1053,1057,1062,1067,1073,1078,1083,1089,1094,1099,1104,1109,1114,1119,1125,1130,1135,1141,1146,1151,1157,1162,1167,1172,1177,1181,1187,1192,1197,1201,1206,1210,1216,1221,1226,1235,1243,1251,1263,1276,1288,1309,1329,1350,1372,1394,1416,1438,1461,1484,1507,1530
395006,"Provo, UT",100,993,997,1001,1006,1010,1014,1018,1023,1027,1031,1035,1039,1043,1047,1051,1055,1059,1063,1068,1072,1077,1081,1086,1091,1096,1102,1107,1113,1117,1122,1127,1131,1136,1140,1145,1149,1154,1158,1162,1166,1170,1174,1178,1183,1188,1193,1198,1203,1208,1213,1219,1224,1229,1234,1239,1243,1248,1252,1256,1261,1265,1269,1273,1277,1280,1284,1287,1290,1293,1296,1298,1301,1303,1307,1310,1313,1319,1326,1332,1342,1352,1363,1377,1392,1407,1423,1440,1456,1473,1489,1506,1523,1540
394549,"Durham, NC",104,1096,1099,1103,1107,1111,1115,1119,1123,1127,1131,1134,1137,1140,1143,1146,1149,1152,1156,1159,1163,1167,1171,1175,1179,1183,1187,1191,1195,1200,1204,1209,1213,1216,1220,1223,1227,1230,1233,1235,1238,1240,1242,1244,1246,1248,1251,1254,1256,1259,1262,1266,1269,1273,1276,1280,1285,1289,1294,1299,1304,1308,1313,1318,1324,1328,1332,1337,1339,1342,1345,1346,1348,1349,1350,1351,1352,1354,1356,1359,1363,1366,1370,1380,1389,1399,1411,1423,1436,1448,1461,1473,1486,1499
394995,"Port St. Lucie, FL",119,1064,1072,1080,1089,1096,1104,1112,1120,1128,1135,1142,1148,1154,1160,1166,1172,1179,1185,1192,1200,1209,1217,1226,1235,1244,1252,1259,1267,1274,1280,1287,1293,1299,1305,1311,1317,1324,1330,1337,1344,1351,1357,1364,1371,1379,1386,1394,1401,1409,1417,1424,1432,1439,1447,1454,1460,1467,1473,1477,1482,1486,1491,1496,1501,1507,1514,1520,1526,1533,1539,1545,1551,1557,1564,1571,1578,1588,1597,1607,1620,1633,1647,1670,1694,1717,1744,1771,1798,1825,1853,1880,1908,1937
394602,"Fort Collins, CO",159,1206,1213,1220,1226,1233,1240,1246,1253,1260,1267,1275,1283,1291,1298,1306,1314,1319,1325,1331,1335,1340,1344,1348,1353,1357,1360,1364,1367,1370,1373,1376,1379,1383,1386,1388,1391,1393,1395,1397,1399,1402,1405,1408,1411,1414,1417,1421,1424,1428,1432,1436,1440,1445,1449,1453,1458,1463,1467,1471,1475,1479,1483,1487,1490,1494,1498,1501,1505,1508,1512,1514,1517,1520,1522,1524,1526,1529,1531,1533,1537,1541,1545,1555,1564,1574,1585,1596,1608,1620,1632,1644,1656,1668
394405,"Boulder, CO",162,1493,1500,1508,1515,1523,1531,1538,1546,1554,1562,1572,1583,1593,1603,1614,1625,1636,1648,1659,1669,1679,1690,1697,1705,1713,1718,1723,1728,1731,1733,1736,1738,1739,1741,1743,1745,1748,1751,1754,1758,1763,1767,1772,1777,1782,1787,1793,1798,1804,1810,1816,1823,1828,1834,1840,1845,1851,1857,1862,1868,1873,1878,1883,1888,1893,1898,1903,1906,1910,1914,1915,1917,1918,1920,1921,1922,1926,1929,1932,1939,1946,1953,1966,1979,1992,2008,2023,2038,2053,2069,2084,2100,2116
394623,"Gainesville, GA",229,930,932,935,937,940,943,945,948,951,954,958,962,966,972,978,984,990,996,1002,1006,1011,1015,1019,1023,1026,1031,1036,1040,1045,1050,1056,1061,1067,1072,1078,1083,1089,1094,1098,1103,1108,1113,1117,1123,1128,1133,1138,1142,1147,1151,1154,1158,1163,1168,1173,1179,1185,1192,1198,1205,1212,1218,1225,1232,1237,1243,1249,1252,1256,1259,1261,1263,1266,1268,1271,1274,1280,1285,1291,1301,1312,1322,1343,1363,1384,1408,1431,1454,,1502,1527,1551,1576
